ClaimID,PolicyID,ClaimDate,ReportedDate,ClosedDate,ClaimType,ClaimAmount,ReserveAmount,Status
C0001,P0046,07-04-2024,09-04-2024,15-06-2024 00:00,Liability,2014,0,Closed
C0002,P0029,06-11-2023,10-11-2023,,Theft,1381,9171,Open
C0003,P0190,27-03-2023,28-03-2023,,Accident,1098,12721,Open
C0004,P0062,02-04-2023,04-04-2023,,Theft,19810,16661,Open
C0005,P0185,30-08-2023,02-09-2023,,Accident,20039,16616,Open
C0006,P0016,02-01-2023,06-01-2023,19-06-2023 00:00,Accident,24322,0,Closed
C0007,P0184,13-08-2023,14-08-2023,09-11-2023 00:00,Fire,9101,0,Closed
C0008,P0121,26-04-2023,28-04-2023,02-07-2023 00:00,Fire,187,0,Closed
C0009,P0010,13-04-2023,14-04-2023,,Fire,28620,7659,Open
C0010,P0158,13-07-2023,16-07-2023,,Liability,11948,10601,Open
C0011,P0153,15-06-2023,16-06-2023,,Liability,10207,11704,Open
C0012,P0103,31-03-2023,31-03-2023,09-05-2023 00:00,Fire,21793,0,Closed
C0013,P0084,02-05-2023,04-05-2023,,Liability,2092,15384,Open
C0014,P0133,23-05-2023,24-05-2023,,Theft,28220,13705,Open
C0015,P0065,16-04-2023,19-04-2023,,Theft,18514,8652,Open
C0016,P0177,03-03-2024,06-03-2024,,Liability,5242,13379,Open
C0017,P0003,01-11-2023,02-11-2023,,Liability,8549,7006,Open
C0018,P0173,13-11-2023,16-11-2023,12-03-2024 00:00,Theft,22031,0,Closed
C0019,P0142,09-01-2023,13-01-2023,19-07-2023 00:00,Accident,5185,0,Closed
C0020,P0120,14-03-2023,18-03-2023,10-09-2023 00:00,Theft,15271,0,Closed
C0021,P0158,25-12-2023,29-12-2023,29-05-2024 00:00,Theft,5776,0,Closed
C0022,P0068,11-08-2023,11-08-2023,,Liability,26998,215,Open
C0023,P0146,20-02-2024,21-02-2024,,Theft,12449,9915,Open
C0024,P0190,06-07-2024,06-07-2024,01-10-2024 00:00,Liability,24297,0,Closed
C0025,P0037,05-01-2024,08-01-2024,28-02-2024 00:00,Liability,23931,0,Closed
C0026,P0153,21-09-2023,21-09-2023,,Fire,7823,14824,Open
C0027,P0176,14-11-2023,17-11-2023,06-02-2024 00:00,Theft,15717,0,Closed
C0028,P0193,25-03-2023,28-03-2023,21-04-2023 00:00,Accident,7355,0,Closed
C0029,P0181,14-11-2023,16-11-2023,17-01-2024 00:00,Fire,6465,0,Closed
C0030,P0073,21-04-2023,25-04-2023,05-08-2023 00:00,Liability,12737,0,Closed
C0031,P0143,08-09-2023,11-09-2023,20-03-2024 00:00,Liability,17881,0,Closed
C0032,P0049,18-01-2024,20-01-2024,23-07-2024 00:00,Accident,13324,0,Closed
C0033,P0121,07-01-2023,11-01-2023,12-04-2023 00:00,Liability,10350,0,Closed
C0034,P0088,03-04-2024,06-04-2024,,Theft,2555,2295,Open
C0035,P0196,25-03-2023,28-03-2023,28-06-2023 00:00,Fire,21793,0,Closed
C0036,P0140,27-07-2023,27-07-2023,,Liability,26918,11185,Open
C0037,P0187,25-01-2024,25-01-2024,05-08-2024 00:00,Liability,2951,0,Closed
C0038,P0037,10-11-2023,14-11-2023,15-01-2024 00:00,Accident,17622,0,Closed
C0039,P0061,22-01-2023,25-01-2023,,Theft,25549,14350,Open
C0040,P0171,14-02-2024,15-02-2024,19-03-2024 00:00,Liability,4727,0,Closed
C0041,P0124,29-05-2024,29-05-2024,30-09-2024 00:00,Accident,20349,0,Closed
C0042,P0198,07-05-2023,11-05-2023,,Liability,5686,6420,Open
C0043,P0039,14-01-2023,17-01-2023,,Accident,25626,11837,Open
C0044,P0184,12-01-2023,15-01-2023,27-06-2023 00:00,Accident,3701,0,Closed
C0045,P0063,28-03-2023,29-03-2023,12-05-2023 00:00,Theft,2780,0,Closed
C0046,P0046,07-06-2024,11-06-2024,,Liability,23782,10541,Open
C0047,P0088,20-06-2024,23-06-2024,30-08-2024 00:00,Theft,17972,0,Closed
C0048,P0011,28-10-2023,28-10-2023,,Accident,28454,11486,Open
C0049,P0062,31-08-2023,01-09-2023,,Fire,2368,1757,Open
C0050,P0077,02-05-2023,06-05-2023,,Liability,15592,5085,Open
C0051,P0153,27-05-2023,28-05-2023,16-09-2023 00:00,Fire,22173,0,Closed
C0052,P0199,20-07-2024,20-07-2024,,Liability,436,1116,Open
C0053,P0052,22-12-2023,26-12-2023,08-06-2024 00:00,Theft,2828,0,Closed
C0054,P0004,05-11-2023,06-11-2023,15-12-2023 00:00,Theft,1556,0,Closed
C0055,P0059,15-10-2023,17-10-2023,24-12-2023 00:00,Theft,23954,0,Closed
C0056,P0072,03-11-2023,03-11-2023,,Theft,13364,8811,Open
C0057,P0148,02-07-2024,02-07-2024,28-08-2024 00:00,Theft,28434,0,Closed
C0058,P0093,18-12-2023,18-12-2023,26-01-2024 00:00,Fire,23864,0,Closed
C0059,P0063,08-11-2023,10-11-2023,02-05-2024 00:00,Theft,25880,0,Closed
C0060,P0054,28-02-2023,02-03-2023,,Accident,15061,13979,Open
C0061,P0117,04-02-2023,07-02-2023,,Accident,10576,11755,Open
C0062,P0110,20-03-2024,21-03-2024,,Fire,16566,9797,Open
C0063,P0074,03-04-2023,06-04-2023,18-10-2023 00:00,Liability,7190,0,Closed
C0064,P0107,26-07-2023,27-07-2023,24-12-2023 00:00,Accident,23071,0,Closed
C0065,P0057,19-12-2023,21-12-2023,,Liability,5565,19127,Open
C0066,P0169,28-11-2023,30-11-2023,10-02-2024 00:00,Fire,23625,0,Closed
C0067,P0003,08-06-2023,11-06-2023,27-09-2023 00:00,Liability,15369,0,Closed
C0068,P0120,24-01-2023,28-01-2023,,Liability,24035,10685,Open
C0069,P0006,08-02-2024,11-02-2024,,Liability,21959,5451,Open
C0070,P0005,30-05-2024,31-05-2024,,Liability,1589,8548,Open
C0071,P0005,30-12-2023,02-01-2024,,Fire,26163,7186,Open
C0072,P0054,17-01-2024,17-01-2024,,Accident,25235,6102,Open
C0073,P0047,15-06-2024,16-06-2024,01-08-2024 00:00,Theft,159,0,Closed
C0074,P0177,01-06-2023,02-06-2023,,Liability,12145,882,Open
C0075,P0009,15-07-2024,19-07-2024,,Accident,15373,3642,Open
C0076,P0099,24-02-2024,26-02-2024,18-03-2024 00:00,Accident,6555,0,Closed
C0077,P0020,07-09-2023,08-09-2023,,Fire,16237,14122,Open
C0078,P0122,27-04-2023,29-04-2023,,Accident,9203,2895,Open
C0079,P0061,26-05-2024,29-05-2024,,Fire,8244,17313,Open
C0080,P0123,31-07-2024,31-07-2024,,Liability,14743,5366,Open
C0081,P0163,01-12-2023,05-12-2023,,Liability,13333,8711,Open
C0082,P0178,22-02-2024,24-02-2024,,Theft,13341,19596,Open
C0083,P0082,22-10-2023,23-10-2023,08-04-2024 00:00,Theft,23230,0,Closed
C0084,P0062,06-01-2024,08-01-2024,,Theft,18691,8199,Open
C0085,P0145,05-07-2023,06-07-2023,08-10-2023 00:00,Accident,1228,0,Closed
C0086,P0003,03-09-2023,05-09-2023,13-03-2024 00:00,Liability,23610,0,Closed
C0087,P0160,25-09-2023,26-09-2023,20-12-2023 00:00,Fire,5590,0,Closed
C0088,P0013,25-08-2023,28-08-2023,08-12-2023 00:00,Theft,23303,0,Closed
C0089,P0120,13-06-2024,14-06-2024,11-12-2024 00:00,Fire,5585,0,Closed
C0090,P0125,05-07-2024,06-07-2024,,Fire,9227,3667,Open
C0091,P0089,21-01-2023,21-01-2023,,Theft,28278,8277,Open
C0092,P0073,03-06-2024,04-06-2024,,Liability,6046,12424,Open
C0093,P0068,10-04-2023,10-04-2023,29-07-2023 00:00,Theft,12237,0,Closed
C0094,P0142,22-04-2024,26-04-2024,,Fire,15649,18020,Open
C0095,P0101,25-10-2023,25-10-2023,,Theft,4945,8155,Open
C0096,P0098,09-06-2024,12-06-2024,,Fire,7927,3583,Open
C0097,P0011,30-11-2023,30-11-2023,02-04-2024 00:00,Fire,12641,0,Closed
C0098,P0105,02-01-2023,06-01-2023,22-01-2023 00:00,Theft,15998,0,Closed
C0099,P0184,10-01-2024,13-01-2024,10-04-2024 00:00,Accident,13386,0,Closed
C0100,P0067,20-10-2023,22-10-2023,03-02-2024 00:00,Theft,7016,0,Closed
C0101,P0123,06-07-2024,08-07-2024,07-01-2025 00:00,Accident,14027,0,Closed
C0102,P0029,14-11-2023,14-11-2023,,Fire,15920,4967,Open
C0103,P0137,16-05-2024,16-05-2024,10-06-2024 00:00,Fire,24142,0,Closed
C0104,P0195,16-01-2024,20-01-2024,06-07-2024 00:00,Accident,13752,0,Closed
C0105,P0153,14-01-2023,18-01-2023,27-06-2023 00:00,Fire,21470,0,Closed
C0106,P0076,18-05-2024,19-05-2024,06-08-2024 00:00,Accident,25840,0,Closed
C0107,P0170,19-08-2023,23-08-2023,19-09-2023 00:00,Accident,23545,0,Closed
C0108,P0009,25-03-2023,26-03-2023,19-04-2023 00:00,Fire,18268,0,Closed
C0109,P0040,10-05-2023,13-05-2023,25-06-2023 00:00,Liability,18193,0,Closed
C0110,P0025,25-05-2023,25-05-2023,,Accident,3167,7618,Open
C0111,P0005,28-01-2023,31-01-2023,,Theft,11989,18060,Open
C0112,P0139,07-03-2023,11-03-2023,09-08-2023 00:00,Theft,26917,0,Closed
C0113,P0187,12-06-2023,15-06-2023,02-11-2023 00:00,Fire,22736,0,Closed
C0114,P0124,17-08-2023,20-08-2023,,Liability,27990,2787,Open
C0115,P0038,18-09-2023,21-09-2023,21-01-2024 00:00,Fire,29783,0,Closed
C0116,P0072,24-03-2024,28-03-2024,14-07-2024 00:00,Liability,25393,0,Closed
C0117,P0133,28-02-2024,02-03-2024,,Accident,14087,2176,Open
C0118,P0176,04-04-2024,05-04-2024,10-08-2024 00:00,Accident,22440,0,Closed
C0119,P0090,28-10-2023,01-11-2023,,Accident,2437,9171,Open
C0120,P0146,30-10-2023,02-11-2023,,Accident,22852,2451,Open
C0121,P0198,14-10-2023,18-10-2023,09-02-2024 00:00,Theft,15275,0,Closed
C0122,P0037,30-01-2024,01-02-2024,04-08-2024 00:00,Theft,25464,0,Closed
C0123,P0060,10-01-2023,11-01-2023,,Fire,22335,7778,Open
C0124,P0176,27-09-2023,30-09-2023,06-03-2024 00:00,Liability,5276,0,Closed
C0125,P0028,27-12-2023,29-12-2023,19-02-2024 00:00,Accident,8859,0,Closed
C0126,P0197,14-09-2023,16-09-2023,,Accident,7818,12972,Open
C0127,P0081,13-05-2023,17-05-2023,24-11-2023 00:00,Liability,4728,0,Closed
C0128,P0114,03-10-2023,05-10-2023,14-01-2024 00:00,Liability,19008,0,Closed
C0129,P0040,27-05-2024,28-05-2024,,Fire,5738,10195,Open
C0130,P0045,09-11-2023,10-11-2023,23-01-2024 00:00,Liability,20616,0,Closed
C0131,P0062,29-07-2024,29-07-2024,,Accident,5793,19546,Open
C0132,P0093,11-10-2023,12-10-2023,,Accident,4523,1105,Open
C0133,P0115,01-05-2023,03-05-2023,,Accident,5571,19392,Open
C0134,P0186,17-04-2023,18-04-2023,30-10-2023 00:00,Accident,16209,0,Closed
C0135,P0067,23-07-2023,27-07-2023,,Accident,15246,15417,Open
C0136,P0056,14-06-2023,14-06-2023,21-11-2023 00:00,Fire,25394,0,Closed
C0137,P0040,01-11-2023,03-11-2023,,Accident,10380,12602,Open
C0138,P0098,11-05-2024,11-05-2024,18-07-2024 00:00,Fire,25682,0,Closed
C0139,P0040,09-07-2024,11-07-2024,12-09-2024 00:00,Accident,2224,0,Closed
C0140,P0091,05-06-2023,09-06-2023,15-10-2023 00:00,Theft,8389,0,Closed
C0141,P0033,02-01-2024,02-01-2024,,Theft,27247,10593,Open
C0142,P0006,08-09-2023,11-09-2023,,Theft,15927,1772,Open
C0143,P0147,30-11-2023,02-12-2023,03-05-2024 00:00,Theft,22475,0,Closed
C0144,P0080,25-05-2024,28-05-2024,26-07-2024 00:00,Fire,11684,0,Closed
C0145,P0168,20-10-2023,20-10-2023,,Fire,10640,2871,Open
C0146,P0092,20-01-2023,23-01-2023,06-07-2023 00:00,Liability,8662,0,Closed
C0147,P0097,09-10-2023,12-10-2023,29-02-2024 00:00,Accident,6361,0,Closed
C0148,P0059,01-01-2023,01-01-2023,,Theft,1948,10521,Open
C0149,P0059,29-04-2023,03-05-2023,23-08-2023 00:00,Fire,29600,0,Closed
C0150,P0048,04-02-2023,07-02-2023,,Accident,12091,1132,Open
C0151,P0169,17-07-2023,20-07-2023,03-11-2023 00:00,Accident,26586,0,Closed
C0152,P0013,29-04-2024,03-05-2024,26-06-2024 00:00,Fire,11992,0,Closed
C0153,P0107,28-02-2023,03-03-2023,12-06-2023 00:00,Theft,23478,0,Closed
C0154,P0045,10-06-2023,13-06-2023,,Liability,29577,6297,Open
C0155,P0089,25-07-2023,28-07-2023,06-02-2024 00:00,Accident,6318,0,Closed
C0156,P0181,12-01-2023,13-01-2023,,Liability,28694,7812,Open
C0157,P0170,04-05-2024,08-05-2024,24-07-2024 00:00,Theft,20180,0,Closed
C0158,P0100,03-10-2023,06-10-2023,,Theft,12180,2179,Open
C0159,P0191,30-08-2023,03-09-2023,02-01-2024 00:00,Liability,234,0,Closed
C0160,P0155,04-08-2023,06-08-2023,08-12-2023 00:00,Theft,15372,0,Closed
C0161,P0166,08-09-2023,10-09-2023,,Accident,29796,8275,Open
C0162,P0188,06-05-2023,09-05-2023,18-07-2023 00:00,Liability,25504,0,Closed
C0163,P0007,05-08-2023,09-08-2023,28-12-2023 00:00,Theft,19991,0,Closed
C0164,P0133,02-11-2023,06-11-2023,,Liability,24427,3180,Open
C0165,P0045,04-07-2023,08-07-2023,01-08-2023 00:00,Accident,522,0,Closed
C0166,P0058,08-02-2023,09-02-2023,,Theft,22288,9583,Open
C0167,P0031,11-08-2023,13-08-2023,26-11-2023 00:00,Accident,28099,0,Closed
C0168,P0023,03-07-2023,07-07-2023,,Theft,12718,13869,Open
C0169,P0170,09-05-2024,13-05-2024,04-07-2024 00:00,Fire,21272,0,Closed
C0170,P0138,02-03-2024,03-03-2024,09-05-2024 00:00,Theft,9821,0,Closed
C0171,P0160,27-06-2023,28-06-2023,,Liability,5832,12258,Open
C0172,P0107,03-03-2024,07-03-2024,,Theft,12820,2468,Open
C0173,P0181,21-10-2023,21-10-2023,20-12-2023 00:00,Accident,16211,0,Closed
C0174,P0158,31-05-2023,04-06-2023,06-07-2023 00:00,Accident,7122,0,Closed
C0175,P0039,19-01-2024,23-01-2024,,Theft,5842,15639,Open
C0176,P0159,04-11-2023,05-11-2023,19-02-2024 00:00,Liability,1316,0,Closed
C0177,P0082,02-12-2023,03-12-2023,,Fire,27433,12327,Open
C0178,P0100,10-01-2024,14-01-2024,,Liability,13200,14270,Open
C0179,P0002,08-01-2023,12-01-2023,17-02-2023 00:00,Fire,17508,0,Closed
C0180,P0077,07-12-2023,11-12-2023,15-02-2024 00:00,Accident,22005,0,Closed
C0181,P0012,09-05-2023,10-05-2023,,Liability,21807,19991,Open
C0182,P0039,18-12-2023,22-12-2023,05-03-2024 00:00,Fire,15206,0,Closed
C0183,P0194,24-12-2023,28-12-2023,27-06-2024 00:00,Theft,18971,0,Closed
C0184,P0013,31-05-2024,03-06-2024,,Accident,25599,19459,Open
C0185,P0046,09-05-2024,09-05-2024,,Theft,22056,16673,Open
C0186,P0155,27-03-2023,29-03-2023,,Accident,1378,6614,Open
C0187,P0113,24-06-2023,24-06-2023,,Liability,19758,3252,Open
C0188,P0017,12-07-2023,15-07-2023,,Liability,1519,7415,Open
C0189,P0104,07-11-2023,09-11-2023,06-01-2024 00:00,Accident,22161,0,Closed
C0190,P0098,29-04-2023,03-05-2023,26-06-2023 00:00,Accident,7935,0,Closed
C0191,P0188,06-08-2023,09-08-2023,13-01-2024 00:00,Accident,6093,0,Closed
C0192,P0192,02-03-2024,06-03-2024,01-04-2024 00:00,Liability,24802,0,Closed
C0193,P0088,18-02-2024,19-02-2024,,Fire,5355,4276,Open
C0194,P0109,24-04-2023,27-04-2023,07-10-2023 00:00,Theft,21352,0,Closed
C0195,P0163,25-05-2023,26-05-2023,30-10-2023 00:00,Theft,9083,0,Closed
C0196,P0070,21-06-2024,24-06-2024,25-09-2024 00:00,Liability,5574,0,Closed
C0197,P0158,30-10-2023,02-11-2023,24-03-2024 00:00,Theft,20456,0,Closed
C0198,P0199,11-12-2023,12-12-2023,14-02-2024 00:00,Accident,13324,0,Closed
C0199,P0074,01-01-2023,03-01-2023,06-03-2023 00:00,Fire,2257,0,Closed
C0200,P0063,27-05-2023,27-05-2023,16-06-2023 00:00,Theft,27364,0,Closed
C0201,P0156,14-10-2023,18-10-2023,18-04-2024 00:00,Fire,24972,0,Closed
C0202,P0060,22-02-2023,25-02-2023,29-06-2023 00:00,Accident,13411,0,Closed
C0203,P0079,31-10-2023,04-11-2023,,Theft,26654,11580,Open
C0204,P0037,10-03-2023,11-03-2023,17-04-2023 00:00,Liability,15233,0,Closed
C0205,P0022,27-12-2023,31-12-2023,31-03-2024 00:00,Fire,15887,0,Closed
C0206,P0196,08-08-2023,09-08-2023,,Accident,29320,10179,Open
C0207,P0148,28-07-2024,01-08-2024,27-10-2024 00:00,Fire,20808,0,Closed
C0208,P0096,10-06-2023,10-06-2023,,Theft,19621,13131,Open
C0209,P0068,30-03-2023,30-03-2023,05-08-2023 00:00,Theft,20277,0,Closed
C0210,P0192,08-06-2023,08-06-2023,09-07-2023 00:00,Liability,29623,0,Closed
C0211,P0017,03-05-2024,03-05-2024,,Accident,2005,19624,Open
C0212,P0012,20-11-2023,20-11-2023,18-05-2024 00:00,Accident,18400,0,Closed
C0213,P0150,16-01-2024,16-01-2024,,Liability,27747,2749,Open
C0214,P0145,12-04-2023,13-04-2023,15-06-2023 00:00,Liability,10860,0,Closed
C0215,P0138,08-05-2024,11-05-2024,,Accident,10070,16589,Open
C0216,P0118,19-01-2023,23-01-2023,08-05-2023 00:00,Fire,9388,0,Closed
C0217,P0193,29-03-2024,29-03-2024,29-07-2024 00:00,Fire,18156,0,Closed
C0218,P0022,26-04-2024,27-04-2024,,Liability,24737,11814,Open
C0219,P0120,01-02-2024,02-02-2024,28-02-2024 00:00,Fire,20360,0,Closed
C0220,P0050,06-10-2023,07-10-2023,26-03-2024 00:00,Accident,18135,0,Closed
C0221,P0014,31-12-2023,03-01-2024,,Theft,25351,18375,Open
C0222,P0192,27-11-2023,01-12-2023,,Theft,23814,15088,Open
C0223,P0175,10-12-2023,13-12-2023,29-03-2024 00:00,Fire,14609,0,Closed
C0224,P0029,30-03-2024,01-04-2024,,Liability,23554,12278,Open
C0225,P0164,06-03-2023,07-03-2023,,Liability,29723,10014,Open
C0226,P0180,17-03-2023,19-03-2023,,Liability,22853,3273,Open
C0227,P0125,23-05-2023,23-05-2023,02-12-2023 00:00,Liability,16363,0,Closed
C0228,P0007,17-04-2024,17-04-2024,,Liability,25515,4538,Open
C0229,P0029,21-02-2024,24-02-2024,06-06-2024 00:00,Fire,19604,0,Closed
C0230,P0139,01-11-2023,05-11-2023,,Theft,16923,8712,Open
C0231,P0033,11-05-2024,13-05-2024,04-11-2024 00:00,Theft,14823,0,Closed
C0232,P0134,18-10-2023,22-10-2023,29-04-2024 00:00,Fire,29493,0,Closed
C0233,P0111,12-04-2023,15-04-2023,,Liability,17845,12297,Open
C0234,P0079,24-09-2023,24-09-2023,07-04-2024 00:00,Fire,21568,0,Closed
C0235,P0160,03-01-2023,07-01-2023,,Theft,8547,2832,Open
C0236,P0179,26-03-2023,30-03-2023,,Accident,28180,13422,Open
C0237,P0058,24-11-2023,24-11-2023,,Fire,11515,152,Open
C0238,P0026,25-03-2024,27-03-2024,05-10-2024 00:00,Liability,234,0,Closed
C0239,P0174,29-03-2024,29-03-2024,,Theft,14562,11108,Open
C0240,P0029,09-08-2023,13-08-2023,20-11-2023 00:00,Theft,17932,0,Closed
C0241,P0004,03-06-2023,05-06-2023,12-09-2023 00:00,Theft,7480,0,Closed
C0242,P0099,12-01-2023,14-01-2023,,Theft,26672,9944,Open
C0243,P0141,13-05-2023,13-05-2023,25-10-2023 00:00,Liability,4213,0,Closed
C0244,P0039,31-10-2023,04-11-2023,26-01-2024 00:00,Accident,10293,0,Closed
C0245,P0015,20-10-2023,23-10-2023,,Theft,1673,1104,Open
C0246,P0119,27-10-2023,31-10-2023,24-04-2024 00:00,Fire,23092,0,Closed
C0247,P0029,12-02-2023,13-02-2023,08-07-2023 00:00,Accident,29739,0,Closed
C0248,P0157,09-12-2023,12-12-2023,,Theft,24366,1914,Open
C0249,P0075,22-11-2023,24-11-2023,23-05-2024 00:00,Accident,2100,0,Closed
C0250,P0116,12-05-2024,15-05-2024,,Fire,11849,406,Open
C0251,P0032,30-12-2023,01-01-2024,,Theft,29229,13689,Open
C0252,P0130,02-03-2024,04-03-2024,,Fire,28172,166,Open
C0253,P0175,21-01-2023,24-01-2023,,Liability,20132,508,Open
C0254,P0084,11-02-2024,13-02-2024,22-05-2024 00:00,Theft,19557,0,Closed
C0255,P0022,02-12-2023,04-12-2023,16-05-2024 00:00,Theft,18199,0,Closed
C0256,P0027,27-04-2023,28-04-2023,,Theft,3841,19873,Open
C0257,P0195,04-05-2023,08-05-2023,,Theft,10197,13050,Open
C0258,P0081,03-02-2024,07-02-2024,27-07-2024 00:00,Liability,8016,0,Closed
C0259,P0126,20-02-2023,21-02-2023,26-08-2023 00:00,Theft,7011,0,Closed
C0260,P0184,20-11-2023,23-11-2023,02-03-2024 00:00,Accident,4493,0,Closed
C0261,P0092,21-05-2023,21-05-2023,30-09-2023 00:00,Theft,17058,0,Closed
C0262,P0021,14-04-2024,14-04-2024,,Liability,24472,1363,Open
C0263,P0047,30-11-2023,30-11-2023,04-03-2024 00:00,Theft,8578,0,Closed
C0264,P0101,08-01-2024,09-01-2024,,Accident,2158,2292,Open
C0265,P0187,17-07-2024,18-07-2024,,Liability,19045,1538,Open
C0266,P0084,08-05-2024,10-05-2024,26-09-2024 00:00,Liability,2064,0,Closed
C0267,P0006,22-06-2024,22-06-2024,,Accident,28427,8752,Open
C0268,P0147,05-06-2023,08-06-2023,14-11-2023 00:00,Accident,3253,0,Closed
C0269,P0185,18-10-2023,21-10-2023,,Accident,21363,174,Open
C0270,P0197,24-05-2023,24-05-2023,,Accident,24087,2230,Open
C0271,P0131,16-04-2023,16-04-2023,,Accident,12828,4287,Open
C0272,P0001,24-02-2024,24-02-2024,,Liability,28842,12112,Open
C0273,P0058,02-01-2023,03-01-2023,03-03-2023 00:00,Liability,25315,0,Closed
C0274,P0124,31-03-2023,01-04-2023,03-10-2023 00:00,Theft,1401,0,Closed
C0275,P0166,11-12-2023,12-12-2023,,Theft,19643,12046,Open
C0276,P0015,16-12-2023,20-12-2023,06-01-2024 00:00,Fire,15193,0,Closed
C0277,P0162,03-04-2024,06-04-2024,21-05-2024 00:00,Theft,26853,0,Closed
C0278,P0189,20-09-2023,23-09-2023,22-01-2024 00:00,Theft,12096,0,Closed
C0279,P0163,17-12-2023,19-12-2023,,Accident,20307,7619,Open
C0280,P0064,18-04-2023,19-04-2023,27-06-2023 00:00,Accident,4214,0,Closed
C0281,P0025,08-02-2023,12-02-2023,,Theft,19611,8560,Open
C0282,P0024,08-06-2023,12-06-2023,,Fire,11023,4946,Open
C0283,P0012,08-11-2023,11-11-2023,10-02-2024 00:00,Accident,11950,0,Closed
C0284,P0018,29-08-2023,30-08-2023,27-09-2023 00:00,Theft,10704,0,Closed
C0285,P0015,20-03-2024,22-03-2024,28-08-2024 00:00,Theft,10343,0,Closed
C0286,P0027,25-10-2023,26-10-2023,,Liability,11867,4173,Open
C0287,P0072,05-02-2023,05-02-2023,16-04-2023 00:00,Fire,2745,0,Closed
C0288,P0060,25-03-2023,26-03-2023,09-08-2023 00:00,Liability,22475,0,Closed
C0289,P0174,27-03-2024,27-03-2024,14-08-2024 00:00,Fire,3866,0,Closed
C0290,P0145,20-01-2024,20-01-2024,,Accident,11956,4796,Open
C0291,P0093,21-06-2023,23-06-2023,18-08-2023 00:00,Fire,5818,0,Closed
C0292,P0053,11-01-2024,14-01-2024,,Theft,18606,14211,Open
C0293,P0008,28-12-2023,29-12-2023,,Theft,16093,19356,Open
C0294,P0079,12-07-2024,12-07-2024,28-08-2024 00:00,Fire,19176,0,Closed
C0295,P0027,21-05-2023,22-05-2023,,Fire,26273,17376,Open
C0296,P0174,28-04-2023,01-05-2023,20-05-2023 00:00,Fire,15493,0,Closed
C0297,P0050,04-10-2023,07-10-2023,,Liability,28038,5287,Open
C0298,P0199,08-08-2023,12-08-2023,,Fire,20447,10578,Open
C0299,P0131,26-01-2023,29-01-2023,,Accident,17908,18624,Open
C0300,P0093,04-06-2024,06-06-2024,15-09-2024 00:00,Liability,29336,0,Closed
C0301,P0192,10-01-2023,10-01-2023,03-07-2023 00:00,Liability,8224,0,Closed
C0302,P0172,13-01-2024,17-01-2024,28-05-2024 00:00,Fire,22582,0,Closed
C0303,P0181,01-06-2023,03-06-2023,22-06-2023 00:00,Accident,4025,0,Closed
C0304,P0024,18-02-2023,19-02-2023,10-06-2023 00:00,Liability,18950,0,Closed
C0305,P0060,03-06-2023,03-06-2023,05-12-2023 00:00,Theft,19187,0,Closed
C0306,P0122,20-10-2023,23-10-2023,18-03-2024 00:00,Liability,28472,0,Closed
C0307,P0131,19-02-2023,19-02-2023,01-08-2023 00:00,Fire,20093,0,Closed
C0308,P0148,14-06-2024,15-06-2024,,Accident,6155,8125,Open
C0309,P0046,01-03-2023,05-03-2023,22-06-2023 00:00,Fire,13839,0,Closed
C0310,P0015,16-06-2023,20-06-2023,14-08-2023 00:00,Theft,719,0,Closed
C0311,P0153,21-07-2023,25-07-2023,11-08-2023 00:00,Theft,14890,0,Closed
C0312,P0199,26-05-2023,29-05-2023,03-09-2023 00:00,Theft,22900,0,Closed
C0313,P0017,14-03-2024,16-03-2024,,Fire,20963,3731,Open
C0314,P0126,30-08-2023,01-09-2023,05-03-2024 00:00,Liability,17356,0,Closed
C0315,P0084,14-07-2024,14-07-2024,,Fire,20102,19477,Open
C0316,P0009,27-04-2024,30-04-2024,,Accident,23779,17266,Open
C0317,P0166,18-04-2023,22-04-2023,,Liability,20786,10758,Open
C0318,P0176,14-08-2023,18-08-2023,,Theft,20936,19661,Open
C0319,P0188,07-03-2024,08-03-2024,,Fire,18591,16311,Open
C0320,P0063,23-02-2024,24-02-2024,,Theft,4426,8566,Open
C0321,P0117,30-03-2024,03-04-2024,,Theft,23303,11889,Open
C0322,P0130,09-06-2023,13-06-2023,,Accident,12512,11254,Open
C0323,P0088,06-06-2024,09-06-2024,,Liability,27606,11442,Open
C0324,P0072,18-03-2023,20-03-2023,18-04-2023 00:00,Accident,15064,0,Closed
C0325,P0139,23-05-2024,24-05-2024,,Accident,28151,4559,Open
C0326,P0064,16-03-2024,18-03-2024,14-09-2024 00:00,Accident,13767,0,Closed
C0327,P0072,11-09-2023,14-09-2023,04-12-2023 00:00,Theft,11308,0,Closed
C0328,P0021,16-11-2023,20-11-2023,29-01-2024 00:00,Accident,11477,0,Closed
C0329,P0018,20-09-2023,22-09-2023,23-11-2023 00:00,Accident,29754,0,Closed
C0330,P0064,07-07-2024,11-07-2024,04-11-2024 00:00,Liability,25219,0,Closed
C0331,P0082,09-01-2024,13-01-2024,30-03-2024 00:00,Liability,12903,0,Closed
C0332,P0110,16-06-2023,16-06-2023,,Accident,24770,16523,Open
C0333,P0095,03-04-2024,05-04-2024,10-06-2024 00:00,Liability,28572,0,Closed
C0334,P0166,07-10-2023,09-10-2023,,Liability,8680,19333,Open
C0335,P0032,29-10-2023,02-11-2023,23-03-2024 00:00,Accident,2204,0,Closed
C0336,P0011,14-06-2024,17-06-2024,03-12-2024 00:00,Theft,27233,0,Closed
C0337,P0045,06-08-2023,06-08-2023,,Accident,21729,6043,Open
C0338,P0033,12-04-2023,16-04-2023,,Liability,19660,6989,Open
C0339,P0102,07-07-2024,08-07-2024,18-08-2024 00:00,Theft,1102,0,Closed
C0340,P0169,15-10-2023,16-10-2023,,Fire,5243,887,Open
C0341,P0136,16-06-2023,16-06-2023,,Theft,6614,19488,Open
C0342,P0011,05-02-2023,08-02-2023,26-07-2023 00:00,Liability,16299,0,Closed
C0343,P0179,19-12-2023,23-12-2023,14-02-2024 00:00,Theft,25817,0,Closed
C0344,P0088,14-03-2023,16-03-2023,,Accident,8707,16402,Open
C0345,P0041,19-12-2023,19-12-2023,,Fire,13913,12253,Open
C0346,P0145,11-03-2023,14-03-2023,27-04-2023 00:00,Fire,21607,0,Closed
C0347,P0076,29-02-2024,02-03-2024,,Fire,24968,7846,Open
C0348,P0121,14-07-2024,15-07-2024,23-08-2024 00:00,Liability,630,0,Closed
C0349,P0046,31-05-2024,01-06-2024,04-10-2024 00:00,Liability,11908,0,Closed
C0350,P0160,03-03-2024,05-03-2024,15-08-2024 00:00,Fire,26423,0,Closed
